,pruning,network,spearman,numEdges
0,harsh,cellOracle,0.18364677773002563,5134330.0
2,harsh,cellnet,0.18128510532854766,201422.0
4,harsh,dense,0.18668285989478436,102313295.0
6,harsh,fantom5,0.18851753087546202,3246008.0
8,harsh,random0.1,0.18399213279339352,10227517.0
1,none,cellOracle,0.20449561186245985,5134330.0
3,none,cellnet,0.1807811311998043,201422.0
5,none,dense,0.2508459944914258,102313295.0
7,none,fantom5,0.22117683456382584,3246008.0
9,none,random0.1,0.19361670953641977,10227517.0
