,pruning,network,spearman,numEdges
0,harsh,cellOracle,0.20316456059467608,5134330.0
2,harsh,cellnet,0.20337276780433178,201422.0
4,harsh,dense,0.20487569097544026,102313295.0
6,harsh,fantom5,0.20321310895431588,3246008.0
8,harsh,random0.1,0.2032988798163068,10227517.0
1,none,cellOracle,0.24474821611000547,5134330.0
3,none,cellnet,0.20465745896991033,201422.0
5,none,dense,0.31467907030157066,102313295.0
7,none,fantom5,0.26471327838819514,3246008.0
9,none,random0.1,0.2287980527089773,10227517.0
